name0100;surname0100;1234560100;user0100;user0100;user0100
name0101;surname0101;1234560101;user0101;user0101;user0101
name0102;surname0102;1234560102;user0102;user0102;user0102
name0103;surname0103;1234560103;user0103;user0103;user0103
name0104;surname0104;1234560104;user0104;user0104;user0104
name0105;surname0105;1234560105;user0105;user0105;user0105
name0106;surname0106;1234560106;user0106;user0106;user0106
name0107;surname0107;1234560107;user0107;user0107;user0107
name0108;surname0108;1234560108;user0108;user0108;user0108
name0109;surname0109;1234560109;user0109;user0109;user0109
name0110;surname0110;1234560110;user0110;user0110;user0110
name0111;surname0111;1234560111;user0111;user0111;user0111
name0112;surname0112;1234560112;user0112;user0112;user0112
name0113;surname0113;1234560113;user0113;user0113;user0113
name0114;surname0114;1234560114;user0114;user0114;user0114
name0115;surname0115;1234560115;user0115;user0115;user0115
name0116;surname0116;1234560116;user0116;user0116;user0116
name0117;surname0117;1234560117;user0117;user0117;user0117
name0118;surname0118;1234560118;user0118;user0118;user0118
name0119;surname0119;1234560119;user0119;user0119;user0119
name0120;surname0120;1234560120;user0120;user0120;user0120
name0121;surname0121;1234560121;user0121;user0121;user0121
name0122;surname0122;1234560122;user0122;user0122;user0122
name0123;surname0123;1234560123;user0123;user0123;user0123
name0124;surname0124;1234560124;user0124;user0124;user0124
name0125;surname0125;1234560125;user0125;user0125;user0125
name0126;surname0126;1234560126;user0126;user0126;user0126
name0127;surname0127;1234560127;user0127;user0127;user0127
name0128;surname0128;1234560128;user0128;user0128;user0128
name0129;surname0129;1234560129;user0129;user0129;user0129
name0130;surname0130;1234560130;user0130;user0130;user0130
name0131;surname0131;1234560131;user0131;user0131;user0131
name0132;surname0132;1234560132;user0132;user0132;user0132
name0133;surname0133;1234560133;user0133;user0133;user0133
name0134;surname0134;1234560134;user0134;user0134;user0134
name0135;surname0135;1234560135;user0135;user0135;user0135
name0136;surname0136;1234560136;user0136;user0136;user0136
name0137;surname0137;1234560137;user0137;user0137;user0137
name0138;surname0138;1234560138;user0138;user0138;user0138
name0139;surname0139;1234560139;user0139;user0139;user0139
name0140;surname0140;1234560140;user0140;user0140;user0140
name0141;surname0141;1234560141;user0141;user0141;user0141
name0142;surname0142;1234560142;user0142;user0142;user0142
name0143;surname0143;1234560143;user0143;user0143;user0143
name0144;surname0144;1234560144;user0144;user0144;user0144
name0145;surname0145;1234560145;user0145;user0145;user0145
name0146;surname0146;1234560146;user0146;user0146;user0146
name0147;surname0147;1234560147;user0147;user0147;user0147
name0148;surname0148;1234560148;user0148;user0148;user0148
name0149;surname0149;1234560149;user0149;user0149;user0149
name0150;surname0150;1234560150;user0150;user0150;user0150
name0151;surname0151;1234560151;user0151;user0151;user0151
name0152;surname0152;1234560152;user0152;user0152;user0152
name0153;surname0153;1234560153;user0153;user0153;user0153
name0154;surname0154;1234560154;user0154;user0154;user0154
name0155;surname0155;1234560155;user0155;user0155;user0155
name0156;surname0156;1234560156;user0156;user0156;user0156
name0157;surname0157;1234560157;user0157;user0157;user0157
name0158;surname0158;1234560158;user0158;user0158;user0158
name0159;surname0159;1234560159;user0159;user0159;user0159
name0160;surname0160;1234560160;user0160;user0160;user0160
name0161;surname0161;1234560161;user0161;user0161;user0161
name0162;surname0162;1234560162;user0162;user0162;user0162
name0163;surname0163;1234560163;user0163;user0163;user0163
name0164;surname0164;1234560164;user0164;user0164;user0164
name0165;surname0165;1234560165;user0165;user0165;user0165
name0166;surname0166;1234560166;user0166;user0166;user0166
name0167;surname0167;1234560167;user0167;user0167;user0167
name0168;surname0168;1234560168;user0168;user0168;user0168
name0169;surname0169;1234560169;user0169;user0169;user0169
name0170;surname0170;1234560170;user0170;user0170;user0170
name0171;surname0171;1234560171;user0171;user0171;user0171
name0172;surname0172;1234560172;user0172;user0172;user0172
name0173;surname0173;1234560173;user0173;user0173;user0173
name0174;surname0174;1234560174;user0174;user0174;user0174
name0175;surname0175;1234560175;user0175;user0175;user0175
name0176;surname0176;1234560176;user0176;user0176;user0176
name0177;surname0177;1234560177;user0177;user0177;user0177
name0178;surname0178;1234560178;user0178;user0178;user0178
name0179;surname0179;1234560179;user0179;user0179;user0179
name0180;surname0180;1234560180;user0180;user0180;user0180
name0181;surname0181;1234560181;user0181;user0181;user0181
name0182;surname0182;1234560182;user0182;user0182;user0182
name0183;surname0183;1234560183;user0183;user0183;user0183
name0184;surname0184;1234560184;user0184;user0184;user0184
name0185;surname0185;1234560185;user0185;user0185;user0185
name0186;surname0186;1234560186;user0186;user0186;user0186
name0187;surname0187;1234560187;user0187;user0187;user0187
name0188;surname0188;1234560188;user0188;user0188;user0188
name0189;surname0189;1234560189;user0189;user0189;user0189
name0190;surname0190;1234560190;user0190;user0190;user0190
name0191;surname0191;1234560191;user0191;user0191;user0191
name0192;surname0192;1234560192;user0192;user0192;user0192
name0193;surname0193;1234560193;user0193;user0193;user0193
name0194;surname0194;1234560194;user0194;user0194;user0194
name0195;surname0195;1234560195;user0195;user0195;user0195
name0196;surname0196;1234560196;user0196;user0196;user0196
name0197;surname0197;1234560197;user0197;user0197;user0197
name0198;surname0198;1234560198;user0198;user0198;user0198
name0199;surname0199;1234560199;user0199;user0199;user0199
name0200;surname0200;1234560200;user0200;user0200;user0200
name0201;surname0201;1234560201;user0201;user0201;user0201
name0202;surname0202;1234560202;user0202;user0202;user0202
name0203;surname0203;1234560203;user0203;user0203;user0203
name0204;surname0204;1234560204;user0204;user0204;user0204
name0205;surname0205;1234560205;user0205;user0205;user0205
name0206;surname0206;1234560206;user0206;user0206;user0206
name0207;surname0207;1234560207;user0207;user0207;user0207
name0208;surname0208;1234560208;user0208;user0208;user0208
name0209;surname0209;1234560209;user0209;user0209;user0209
name0210;surname0210;1234560210;user0210;user0210;user0210
name0211;surname0211;1234560211;user0211;user0211;user0211
name0212;surname0212;1234560212;user0212;user0212;user0212
name0213;surname0213;1234560213;user0213;user0213;user0213
name0214;surname0214;1234560214;user0214;user0214;user0214
name0215;surname0215;1234560215;user0215;user0215;user0215
name0216;surname0216;1234560216;user0216;user0216;user0216
name0217;surname0217;1234560217;user0217;user0217;user0217
name0218;surname0218;1234560218;user0218;user0218;user0218
name0219;surname0219;1234560219;user0219;user0219;user0219
name0220;surname0220;1234560220;user0220;user0220;user0220
name0221;surname0221;1234560221;user0221;user0221;user0221
name0222;surname0222;1234560222;user0222;user0222;user0222
name0223;surname0223;1234560223;user0223;user0223;user0223
name0224;surname0224;1234560224;user0224;user0224;user0224
name0225;surname0225;1234560225;user0225;user0225;user0225
name0226;surname0226;1234560226;user0226;user0226;user0226
name0227;surname0227;1234560227;user0227;user0227;user0227
name0228;surname0228;1234560228;user0228;user0228;user0228
name0229;surname0229;1234560229;user0229;user0229;user0229
name0230;surname0230;1234560230;user0230;user0230;user0230
name0231;surname0231;1234560231;user0231;user0231;user0231
name0232;surname0232;1234560232;user0232;user0232;user0232
name0233;surname0233;1234560233;user0233;user0233;user0233
name0234;surname0234;1234560234;user0234;user0234;user0234
name0235;surname0235;1234560235;user0235;user0235;user0235
name0236;surname0236;1234560236;user0236;user0236;user0236
name0237;surname0237;1234560237;user0237;user0237;user0237
name0238;surname0238;1234560238;user0238;user0238;user0238
name0239;surname0239;1234560239;user0239;user0239;user0239
name0240;surname0240;1234560240;user0240;user0240;user0240
name0241;surname0241;1234560241;user0241;user0241;user0241
name0242;surname0242;1234560242;user0242;user0242;user0242
name0243;surname0243;1234560243;user0243;user0243;user0243
name0244;surname0244;1234560244;user0244;user0244;user0244
name0245;surname0245;1234560245;user0245;user0245;user0245
name0246;surname0246;1234560246;user0246;user0246;user0246
name0247;surname0247;1234560247;user0247;user0247;user0247
name0248;surname0248;1234560248;user0248;user0248;user0248
name0249;surname0249;1234560249;user0249;user0249;user0249
name0250;surname0250;1234560250;user0250;user0250;user0250
name0251;surname0251;1234560251;user0251;user0251;user0251
name0252;surname0252;1234560252;user0252;user0252;user0252
name0253;surname0253;1234560253;user0253;user0253;user0253
name0254;surname0254;1234560254;user0254;user0254;user0254
name0255;surname0255;1234560255;user0255;user0255;user0255
name0256;surname0256;1234560256;user0256;user0256;user0256
name0257;surname0257;1234560257;user0257;user0257;user0257
name0258;surname0258;1234560258;user0258;user0258;user0258
name0259;surname0259;1234560259;user0259;user0259;user0259
name0260;surname0260;1234560260;user0260;user0260;user0260
name0261;surname0261;1234560261;user0261;user0261;user0261
name0262;surname0262;1234560262;user0262;user0262;user0262
name0263;surname0263;1234560263;user0263;user0263;user0263
name0264;surname0264;1234560264;user0264;user0264;user0264
name0265;surname0265;1234560265;user0265;user0265;user0265
name0266;surname0266;1234560266;user0266;user0266;user0266
name0267;surname0267;1234560267;user0267;user0267;user0267
name0268;surname0268;1234560268;user0268;user0268;user0268
name0269;surname0269;1234560269;user0269;user0269;user0269
name0270;surname0270;1234560270;user0270;user0270;user0270
name0271;surname0271;1234560271;user0271;user0271;user0271
name0272;surname0272;1234560272;user0272;user0272;user0272
name0273;surname0273;1234560273;user0273;user0273;user0273
name0274;surname0274;1234560274;user0274;user0274;user0274
name0275;surname0275;1234560275;user0275;user0275;user0275
name0276;surname0276;1234560276;user0276;user0276;user0276
name0277;surname0277;1234560277;user0277;user0277;user0277
name0278;surname0278;1234560278;user0278;user0278;user0278
name0279;surname0279;1234560279;user0279;user0279;user0279
name0280;surname0280;1234560280;user0280;user0280;user0280
name0281;surname0281;1234560281;user0281;user0281;user0281
name0282;surname0282;1234560282;user0282;user0282;user0282
name0283;surname0283;1234560283;user0283;user0283;user0283
name0284;surname0284;1234560284;user0284;user0284;user0284
name0285;surname0285;1234560285;user0285;user0285;user0285
name0286;surname0286;1234560286;user0286;user0286;user0286
name0287;surname0287;1234560287;user0287;user0287;user0287
name0288;surname0288;1234560288;user0288;user0288;user0288
name0289;surname0289;1234560289;user0289;user0289;user0289
name0290;surname0290;1234560290;user0290;user0290;user0290
name0291;surname0291;1234560291;user0291;user0291;user0291
name0292;surname0292;1234560292;user0292;user0292;user0292
name0293;surname0293;1234560293;user0293;user0293;user0293
name0294;surname0294;1234560294;user0294;user0294;user0294
name0295;surname0295;1234560295;user0295;user0295;user0295
name0296;surname0296;1234560296;user0296;user0296;user0296
name0297;surname0297;1234560297;user0297;user0297;user0297
name0298;surname0298;1234560298;user0298;user0298;user0298
name0299;surname0299;1234560299;user0299;user0299;user0299
name0300;surname0300;1234560300;user0300;user0300;user0300
name0301;surname0301;1234560301;user0301;user0301;user0301
name0302;surname0302;1234560302;user0302;user0302;user0302
name0303;surname0303;1234560303;user0303;user0303;user0303
name0304;surname0304;1234560304;user0304;user0304;user0304
name0305;surname0305;1234560305;user0305;user0305;user0305
name0306;surname0306;1234560306;user0306;user0306;user0306
name0307;surname0307;1234560307;user0307;user0307;user0307
name0308;surname0308;1234560308;user0308;user0308;user0308
name0309;surname0309;1234560309;user0309;user0309;user0309
name0310;surname0310;1234560310;user0310;user0310;user0310
name0311;surname0311;1234560311;user0311;user0311;user0311
name0312;surname0312;1234560312;user0312;user0312;user0312
name0313;surname0313;1234560313;user0313;user0313;user0313
name0314;surname0314;1234560314;user0314;user0314;user0314
name0315;surname0315;1234560315;user0315;user0315;user0315
name0316;surname0316;1234560316;user0316;user0316;user0316
name0317;surname0317;1234560317;user0317;user0317;user0317
name0318;surname0318;1234560318;user0318;user0318;user0318
name0319;surname0319;1234560319;user0319;user0319;user0319
name0320;surname0320;1234560320;user0320;user0320;user0320
name0321;surname0321;1234560321;user0321;user0321;user0321
name0322;surname0322;1234560322;user0322;user0322;user0322
name0323;surname0323;1234560323;user0323;user0323;user0323
name0324;surname0324;1234560324;user0324;user0324;user0324
name0325;surname0325;1234560325;user0325;user0325;user0325
name0326;surname0326;1234560326;user0326;user0326;user0326
name0327;surname0327;1234560327;user0327;user0327;user0327
name0328;surname0328;1234560328;user0328;user0328;user0328
name0329;surname0329;1234560329;user0329;user0329;user0329
name0330;surname0330;1234560330;user0330;user0330;user0330
name0331;surname0331;1234560331;user0331;user0331;user0331
name0332;surname0332;1234560332;user0332;user0332;user0332
name0333;surname0333;1234560333;user0333;user0333;user0333
name0334;surname0334;1234560334;user0334;user0334;user0334
name0335;surname0335;1234560335;user0335;user0335;user0335
name0336;surname0336;1234560336;user0336;user0336;user0336
name0337;surname0337;1234560337;user0337;user0337;user0337
name0338;surname0338;1234560338;user0338;user0338;user0338
name0339;surname0339;1234560339;user0339;user0339;user0339
name0340;surname0340;1234560340;user0340;user0340;user0340
name0341;surname0341;1234560341;user0341;user0341;user0341
name0342;surname0342;1234560342;user0342;user0342;user0342
name0343;surname0343;1234560343;user0343;user0343;user0343
name0344;surname0344;1234560344;user0344;user0344;user0344
name0345;surname0345;1234560345;user0345;user0345;user0345
name0346;surname0346;1234560346;user0346;user0346;user0346
name0347;surname0347;1234560347;user0347;user0347;user0347
name0348;surname0348;1234560348;user0348;user0348;user0348
name0349;surname0349;1234560349;user0349;user0349;user0349
name0350;surname0350;1234560350;user0350;user0350;user0350
name0351;surname0351;1234560351;user0351;user0351;user0351
name0352;surname0352;1234560352;user0352;user0352;user0352
name0353;surname0353;1234560353;user0353;user0353;user0353
name0354;surname0354;1234560354;user0354;user0354;user0354
name0355;surname0355;1234560355;user0355;user0355;user0355
name0356;surname0356;1234560356;user0356;user0356;user0356
name0357;surname0357;1234560357;user0357;user0357;user0357
name0358;surname0358;1234560358;user0358;user0358;user0358
name0359;surname0359;1234560359;user0359;user0359;user0359
name0360;surname0360;1234560360;user0360;user0360;user0360
name0361;surname0361;1234560361;user0361;user0361;user0361
name0362;surname0362;1234560362;user0362;user0362;user0362
name0363;surname0363;1234560363;user0363;user0363;user0363
name0364;surname0364;1234560364;user0364;user0364;user0364
name0365;surname0365;1234560365;user0365;user0365;user0365
name0366;surname0366;1234560366;user0366;user0366;user0366
name0367;surname0367;1234560367;user0367;user0367;user0367
name0368;surname0368;1234560368;user0368;user0368;user0368
name0369;surname0369;1234560369;user0369;user0369;user0369
name0370;surname0370;1234560370;user0370;user0370;user0370
name0371;surname0371;1234560371;user0371;user0371;user0371
name0372;surname0372;1234560372;user0372;user0372;user0372
name0373;surname0373;1234560373;user0373;user0373;user0373
name0374;surname0374;1234560374;user0374;user0374;user0374
name0375;surname0375;1234560375;user0375;user0375;user0375
name0376;surname0376;1234560376;user0376;user0376;user0376
name0377;surname0377;1234560377;user0377;user0377;user0377
name0378;surname0378;1234560378;user0378;user0378;user0378
name0379;surname0379;1234560379;user0379;user0379;user0379
name0380;surname0380;1234560380;user0380;user0380;user0380
name0381;surname0381;1234560381;user0381;user0381;user0381
name0382;surname0382;1234560382;user0382;user0382;user0382
name0383;surname0383;1234560383;user0383;user0383;user0383
name0384;surname0384;1234560384;user0384;user0384;user0384
name0385;surname0385;1234560385;user0385;user0385;user0385
name0386;surname0386;1234560386;user0386;user0386;user0386
name0387;surname0387;1234560387;user0387;user0387;user0387
name0388;surname0388;1234560388;user0388;user0388;user0388
name0389;surname0389;1234560389;user0389;user0389;user0389
name0390;surname0390;1234560390;user0390;user0390;user0390
name0391;surname0391;1234560391;user0391;user0391;user0391
name0392;surname0392;1234560392;user0392;user0392;user0392
name0393;surname0393;1234560393;user0393;user0393;user0393
name0394;surname0394;1234560394;user0394;user0394;user0394
name0395;surname0395;1234560395;user0395;user0395;user0395
name0396;surname0396;1234560396;user0396;user0396;user0396
name0397;surname0397;1234560397;user0397;user0397;user0397
name0398;surname0398;1234560398;user0398;user0398;user0398
name0399;surname0399;1234560399;user0399;user0399;user0399
name0400;surname0400;1234560400;user0400;user0400;user0400
name0401;surname0401;1234560401;user0401;user0401;user0401
name0402;surname0402;1234560402;user0402;user0402;user0402
name0403;surname0403;1234560403;user0403;user0403;user0403
name0404;surname0404;1234560404;user0404;user0404;user0404
name0405;surname0405;1234560405;user0405;user0405;user0405
name0406;surname0406;1234560406;user0406;user0406;user0406
name0407;surname0407;1234560407;user0407;user0407;user0407
name0408;surname0408;1234560408;user0408;user0408;user0408
name0409;surname0409;1234560409;user0409;user0409;user0409
name0410;surname0410;1234560410;user0410;user0410;user0410
name0411;surname0411;1234560411;user0411;user0411;user0411
name0412;surname0412;1234560412;user0412;user0412;user0412
name0413;surname0413;1234560413;user0413;user0413;user0413
name0414;surname0414;1234560414;user0414;user0414;user0414
name0415;surname0415;1234560415;user0415;user0415;user0415
name0416;surname0416;1234560416;user0416;user0416;user0416
name0417;surname0417;1234560417;user0417;user0417;user0417
name0418;surname0418;1234560418;user0418;user0418;user0418
name0419;surname0419;1234560419;user0419;user0419;user0419
name0420;surname0420;1234560420;user0420;user0420;user0420
name0421;surname0421;1234560421;user0421;user0421;user0421
name0422;surname0422;1234560422;user0422;user0422;user0422
name0423;surname0423;1234560423;user0423;user0423;user0423
name0424;surname0424;1234560424;user0424;user0424;user0424
name0425;surname0425;1234560425;user0425;user0425;user0425
name0426;surname0426;1234560426;user0426;user0426;user0426
name0427;surname0427;1234560427;user0427;user0427;user0427
name0428;surname0428;1234560428;user0428;user0428;user0428
name0429;surname0429;1234560429;user0429;user0429;user0429
name0430;surname0430;1234560430;user0430;user0430;user0430
name0431;surname0431;1234560431;user0431;user0431;user0431
name0432;surname0432;1234560432;user0432;user0432;user0432
name0433;surname0433;1234560433;user0433;user0433;user0433
name0434;surname0434;1234560434;user0434;user0434;user0434
name0435;surname0435;1234560435;user0435;user0435;user0435
name0436;surname0436;1234560436;user0436;user0436;user0436
name0437;surname0437;1234560437;user0437;user0437;user0437
name0438;surname0438;1234560438;user0438;user0438;user0438
name0439;surname0439;1234560439;user0439;user0439;user0439
name0440;surname0440;1234560440;user0440;user0440;user0440
name0441;surname0441;1234560441;user0441;user0441;user0441
name0442;surname0442;1234560442;user0442;user0442;user0442
name0443;surname0443;1234560443;user0443;user0443;user0443
name0444;surname0444;1234560444;user0444;user0444;user0444
name0445;surname0445;1234560445;user0445;user0445;user0445
name0446;surname0446;1234560446;user0446;user0446;user0446
name0447;surname0447;1234560447;user0447;user0447;user0447
name0448;surname0448;1234560448;user0448;user0448;user0448
name0449;surname0449;1234560449;user0449;user0449;user0449
name0450;surname0450;1234560450;user0450;user0450;user0450
name0451;surname0451;1234560451;user0451;user0451;user0451
name0452;surname0452;1234560452;user0452;user0452;user0452
name0453;surname0453;1234560453;user0453;user0453;user0453
name0454;surname0454;1234560454;user0454;user0454;user0454
name0455;surname0455;1234560455;user0455;user0455;user0455
name0456;surname0456;1234560456;user0456;user0456;user0456
name0457;surname0457;1234560457;user0457;user0457;user0457
name0458;surname0458;1234560458;user0458;user0458;user0458
name0459;surname0459;1234560459;user0459;user0459;user0459
name0460;surname0460;1234560460;user0460;user0460;user0460
name0461;surname0461;1234560461;user0461;user0461;user0461
name0462;surname0462;1234560462;user0462;user0462;user0462
name0463;surname0463;1234560463;user0463;user0463;user0463
name0464;surname0464;1234560464;user0464;user0464;user0464
name0465;surname0465;1234560465;user0465;user0465;user0465
name0466;surname0466;1234560466;user0466;user0466;user0466
name0467;surname0467;1234560467;user0467;user0467;user0467
name0468;surname0468;1234560468;user0468;user0468;user0468
name0469;surname0469;1234560469;user0469;user0469;user0469
name0470;surname0470;1234560470;user0470;user0470;user0470
name0471;surname0471;1234560471;user0471;user0471;user0471
name0472;surname0472;1234560472;user0472;user0472;user0472
name0473;surname0473;1234560473;user0473;user0473;user0473
name0474;surname0474;1234560474;user0474;user0474;user0474
name0475;surname0475;1234560475;user0475;user0475;user0475
name0476;surname0476;1234560476;user0476;user0476;user0476
name0477;surname0477;1234560477;user0477;user0477;user0477
name0478;surname0478;1234560478;user0478;user0478;user0478
name0479;surname0479;1234560479;user0479;user0479;user0479
name0480;surname0480;1234560480;user0480;user0480;user0480
name0481;surname0481;1234560481;user0481;user0481;user0481
name0482;surname0482;1234560482;user0482;user0482;user0482
name0483;surname0483;1234560483;user0483;user0483;user0483
name0484;surname0484;1234560484;user0484;user0484;user0484
name0485;surname0485;1234560485;user0485;user0485;user0485
name0486;surname0486;1234560486;user0486;user0486;user0486
name0487;surname0487;1234560487;user0487;user0487;user0487
name0488;surname0488;1234560488;user0488;user0488;user0488
name0489;surname0489;1234560489;user0489;user0489;user0489
name0490;surname0490;1234560490;user0490;user0490;user0490
name0491;surname0491;1234560491;user0491;user0491;user0491
name0492;surname0492;1234560492;user0492;user0492;user0492
name0493;surname0493;1234560493;user0493;user0493;user0493
name0494;surname0494;1234560494;user0494;user0494;user0494
name0495;surname0495;1234560495;user0495;user0495;user0495
name0496;surname0496;1234560496;user0496;user0496;user0496
name0497;surname0497;1234560497;user0497;user0497;user0497
name0498;surname0498;1234560498;user0498;user0498;user0498
name0499;surname0499;1234560499;user0499;user0499;user0499
name0500;surname0500;1234560500;user0500;user0500;user0500
name0501;surname0501;1234560501;user0501;user0501;user0501
name0502;surname0502;1234560502;user0502;user0502;user0502
name0503;surname0503;1234560503;user0503;user0503;user0503
name0504;surname0504;1234560504;user0504;user0504;user0504
name0505;surname0505;1234560505;user0505;user0505;user0505
name0506;surname0506;1234560506;user0506;user0506;user0506
name0507;surname0507;1234560507;user0507;user0507;user0507
name0508;surname0508;1234560508;user0508;user0508;user0508
name0509;surname0509;1234560509;user0509;user0509;user0509
name0510;surname0510;1234560510;user0510;user0510;user0510
name0511;surname0511;1234560511;user0511;user0511;user0511
name0512;surname0512;1234560512;user0512;user0512;user0512
name0513;surname0513;1234560513;user0513;user0513;user0513
name0514;surname0514;1234560514;user0514;user0514;user0514
name0515;surname0515;1234560515;user0515;user0515;user0515
name0516;surname0516;1234560516;user0516;user0516;user0516
name0517;surname0517;1234560517;user0517;user0517;user0517
name0518;surname0518;1234560518;user0518;user0518;user0518
name0519;surname0519;1234560519;user0519;user0519;user0519
name0520;surname0520;1234560520;user0520;user0520;user0520
name0521;surname0521;1234560521;user0521;user0521;user0521
name0522;surname0522;1234560522;user0522;user0522;user0522
name0523;surname0523;1234560523;user0523;user0523;user0523
name0524;surname0524;1234560524;user0524;user0524;user0524
name0525;surname0525;1234560525;user0525;user0525;user0525
name0526;surname0526;1234560526;user0526;user0526;user0526
name0527;surname0527;1234560527;user0527;user0527;user0527
name0528;surname0528;1234560528;user0528;user0528;user0528
name0529;surname0529;1234560529;user0529;user0529;user0529
name0530;surname0530;1234560530;user0530;user0530;user0530
name0531;surname0531;1234560531;user0531;user0531;user0531
name0532;surname0532;1234560532;user0532;user0532;user0532
name0533;surname0533;1234560533;user0533;user0533;user0533
name0534;surname0534;1234560534;user0534;user0534;user0534
name0535;surname0535;1234560535;user0535;user0535;user0535
name0536;surname0536;1234560536;user0536;user0536;user0536
name0537;surname0537;1234560537;user0537;user0537;user0537
name0538;surname0538;1234560538;user0538;user0538;user0538
name0539;surname0539;1234560539;user0539;user0539;user0539
name0540;surname0540;1234560540;user0540;user0540;user0540
name0541;surname0541;1234560541;user0541;user0541;user0541
name0542;surname0542;1234560542;user0542;user0542;user0542
name0543;surname0543;1234560543;user0543;user0543;user0543
name0544;surname0544;1234560544;user0544;user0544;user0544
name0545;surname0545;1234560545;user0545;user0545;user0545
name0546;surname0546;1234560546;user0546;user0546;user0546
name0547;surname0547;1234560547;user0547;user0547;user0547
name0548;surname0548;1234560548;user0548;user0548;user0548
name0549;surname0549;1234560549;user0549;user0549;user0549
name0550;surname0550;1234560550;user0550;user0550;user0550
name0551;surname0551;1234560551;user0551;user0551;user0551
name0552;surname0552;1234560552;user0552;user0552;user0552
name0553;surname0553;1234560553;user0553;user0553;user0553
name0554;surname0554;1234560554;user0554;user0554;user0554
name0555;surname0555;1234560555;user0555;user0555;user0555
name0556;surname0556;1234560556;user0556;user0556;user0556
name0557;surname0557;1234560557;user0557;user0557;user0557
name0558;surname0558;1234560558;user0558;user0558;user0558
name0559;surname0559;1234560559;user0559;user0559;user0559
name0560;surname0560;1234560560;user0560;user0560;user0560
name0561;surname0561;1234560561;user0561;user0561;user0561
name0562;surname0562;1234560562;user0562;user0562;user0562
name0563;surname0563;1234560563;user0563;user0563;user0563
name0564;surname0564;1234560564;user0564;user0564;user0564
name0565;surname0565;1234560565;user0565;user0565;user0565
name0566;surname0566;1234560566;user0566;user0566;user0566
name0567;surname0567;1234560567;user0567;user0567;user0567
name0568;surname0568;1234560568;user0568;user0568;user0568
name0569;surname0569;1234560569;user0569;user0569;user0569
name0570;surname0570;1234560570;user0570;user0570;user0570
name0571;surname0571;1234560571;user0571;user0571;user0571
name0572;surname0572;1234560572;user0572;user0572;user0572
name0573;surname0573;1234560573;user0573;user0573;user0573
name0574;surname0574;1234560574;user0574;user0574;user0574
name0575;surname0575;1234560575;user0575;user0575;user0575
name0576;surname0576;1234560576;user0576;user0576;user0576
name0577;surname0577;1234560577;user0577;user0577;user0577
name0578;surname0578;1234560578;user0578;user0578;user0578
name0579;surname0579;1234560579;user0579;user0579;user0579
name0580;surname0580;1234560580;user0580;user0580;user0580
name0581;surname0581;1234560581;user0581;user0581;user0581
name0582;surname0582;1234560582;user0582;user0582;user0582
name0583;surname0583;1234560583;user0583;user0583;user0583
name0584;surname0584;1234560584;user0584;user0584;user0584
name0585;surname0585;1234560585;user0585;user0585;user0585
name0586;surname0586;1234560586;user0586;user0586;user0586
name0587;surname0587;1234560587;user0587;user0587;user0587
name0588;surname0588;1234560588;user0588;user0588;user0588
name0589;surname0589;1234560589;user0589;user0589;user0589
name0590;surname0590;1234560590;user0590;user0590;user0590
name0591;surname0591;1234560591;user0591;user0591;user0591
name0592;surname0592;1234560592;user0592;user0592;user0592
name0593;surname0593;1234560593;user0593;user0593;user0593
name0594;surname0594;1234560594;user0594;user0594;user0594
name0595;surname0595;1234560595;user0595;user0595;user0595
name0596;surname0596;1234560596;user0596;user0596;user0596
name0597;surname0597;1234560597;user0597;user0597;user0597
name0598;surname0598;1234560598;user0598;user0598;user0598
name0599;surname0599;1234560599;user0599;user0599;user0599
name0600;surname0600;1234560600;user0600;user0600;user0600
name0601;surname0601;1234560601;user0601;user0601;user0601
name0602;surname0602;1234560602;user0602;user0602;user0602
name0603;surname0603;1234560603;user0603;user0603;user0603
name0604;surname0604;1234560604;user0604;user0604;user0604
name0605;surname0605;1234560605;user0605;user0605;user0605
name0606;surname0606;1234560606;user0606;user0606;user0606
name0607;surname0607;1234560607;user0607;user0607;user0607
name0608;surname0608;1234560608;user0608;user0608;user0608
name0609;surname0609;1234560609;user0609;user0609;user0609
name0610;surname0610;1234560610;user0610;user0610;user0610
name0611;surname0611;1234560611;user0611;user0611;user0611
name0612;surname0612;1234560612;user0612;user0612;user0612
name0613;surname0613;1234560613;user0613;user0613;user0613
name0614;surname0614;1234560614;user0614;user0614;user0614
name0615;surname0615;1234560615;user0615;user0615;user0615
name0616;surname0616;1234560616;user0616;user0616;user0616
name0617;surname0617;1234560617;user0617;user0617;user0617
name0618;surname0618;1234560618;user0618;user0618;user0618
name0619;surname0619;1234560619;user0619;user0619;user0619
name0620;surname0620;1234560620;user0620;user0620;user0620
name0621;surname0621;1234560621;user0621;user0621;user0621
name0622;surname0622;1234560622;user0622;user0622;user0622
name0623;surname0623;1234560623;user0623;user0623;user0623
name0624;surname0624;1234560624;user0624;user0624;user0624
name0625;surname0625;1234560625;user0625;user0625;user0625
name0626;surname0626;1234560626;user0626;user0626;user0626
name0627;surname0627;1234560627;user0627;user0627;user0627
name0628;surname0628;1234560628;user0628;user0628;user0628
name0629;surname0629;1234560629;user0629;user0629;user0629
name0630;surname0630;1234560630;user0630;user0630;user0630
name0631;surname0631;1234560631;user0631;user0631;user0631
name0632;surname0632;1234560632;user0632;user0632;user0632
name0633;surname0633;1234560633;user0633;user0633;user0633
name0634;surname0634;1234560634;user0634;user0634;user0634
name0635;surname0635;1234560635;user0635;user0635;user0635
name0636;surname0636;1234560636;user0636;user0636;user0636
name0637;surname0637;1234560637;user0637;user0637;user0637
name0638;surname0638;1234560638;user0638;user0638;user0638
name0639;surname0639;1234560639;user0639;user0639;user0639
name0640;surname0640;1234560640;user0640;user0640;user0640
name0641;surname0641;1234560641;user0641;user0641;user0641
name0642;surname0642;1234560642;user0642;user0642;user0642
name0643;surname0643;1234560643;user0643;user0643;user0643
name0644;surname0644;1234560644;user0644;user0644;user0644
name0645;surname0645;1234560645;user0645;user0645;user0645
name0646;surname0646;1234560646;user0646;user0646;user0646
name0647;surname0647;1234560647;user0647;user0647;user0647
name0648;surname0648;1234560648;user0648;user0648;user0648
name0649;surname0649;1234560649;user0649;user0649;user0649
name0650;surname0650;1234560650;user0650;user0650;user0650
name0651;surname0651;1234560651;user0651;user0651;user0651
name0652;surname0652;1234560652;user0652;user0652;user0652
name0653;surname0653;1234560653;user0653;user0653;user0653
name0654;surname0654;1234560654;user0654;user0654;user0654
name0655;surname0655;1234560655;user0655;user0655;user0655
name0656;surname0656;1234560656;user0656;user0656;user0656
name0657;surname0657;1234560657;user0657;user0657;user0657
name0658;surname0658;1234560658;user0658;user0658;user0658
name0659;surname0659;1234560659;user0659;user0659;user0659
name0660;surname0660;1234560660;user0660;user0660;user0660
name0661;surname0661;1234560661;user0661;user0661;user0661
name0662;surname0662;1234560662;user0662;user0662;user0662
name0663;surname0663;1234560663;user0663;user0663;user0663
name0664;surname0664;1234560664;user0664;user0664;user0664
name0665;surname0665;1234560665;user0665;user0665;user0665
name0666;surname0666;1234560666;user0666;user0666;user0666
name0667;surname0667;1234560667;user0667;user0667;user0667
name0668;surname0668;1234560668;user0668;user0668;user0668
name0669;surname0669;1234560669;user0669;user0669;user0669
name0670;surname0670;1234560670;user0670;user0670;user0670
name0671;surname0671;1234560671;user0671;user0671;user0671
name0672;surname0672;1234560672;user0672;user0672;user0672
name0673;surname0673;1234560673;user0673;user0673;user0673
name0674;surname0674;1234560674;user0674;user0674;user0674
name0675;surname0675;1234560675;user0675;user0675;user0675
name0676;surname0676;1234560676;user0676;user0676;user0676
name0677;surname0677;1234560677;user0677;user0677;user0677
name0678;surname0678;1234560678;user0678;user0678;user0678
name0679;surname0679;1234560679;user0679;user0679;user0679
name0680;surname0680;1234560680;user0680;user0680;user0680
name0681;surname0681;1234560681;user0681;user0681;user0681
name0682;surname0682;1234560682;user0682;user0682;user0682
name0683;surname0683;1234560683;user0683;user0683;user0683
name0684;surname0684;1234560684;user0684;user0684;user0684
name0685;surname0685;1234560685;user0685;user0685;user0685
name0686;surname0686;1234560686;user0686;user0686;user0686
name0687;surname0687;1234560687;user0687;user0687;user0687
name0688;surname0688;1234560688;user0688;user0688;user0688
name0689;surname0689;1234560689;user0689;user0689;user0689
name0690;surname0690;1234560690;user0690;user0690;user0690
name0691;surname0691;1234560691;user0691;user0691;user0691
name0692;surname0692;1234560692;user0692;user0692;user0692
name0693;surname0693;1234560693;user0693;user0693;user0693
name0694;surname0694;1234560694;user0694;user0694;user0694
name0695;surname0695;1234560695;user0695;user0695;user0695
name0696;surname0696;1234560696;user0696;user0696;user0696
name0697;surname0697;1234560697;user0697;user0697;user0697
name0698;surname0698;1234560698;user0698;user0698;user0698
name0699;surname0699;1234560699;user0699;user0699;user0699
name0700;surname0700;1234560700;user0700;user0700;user0700
name0701;surname0701;1234560701;user0701;user0701;user0701
name0702;surname0702;1234560702;user0702;user0702;user0702
name0703;surname0703;1234560703;user0703;user0703;user0703
name0704;surname0704;1234560704;user0704;user0704;user0704
name0705;surname0705;1234560705;user0705;user0705;user0705
name0706;surname0706;1234560706;user0706;user0706;user0706
name0707;surname0707;1234560707;user0707;user0707;user0707
name0708;surname0708;1234560708;user0708;user0708;user0708
name0709;surname0709;1234560709;user0709;user0709;user0709
name0710;surname0710;1234560710;user0710;user0710;user0710
name0711;surname0711;1234560711;user0711;user0711;user0711
name0712;surname0712;1234560712;user0712;user0712;user0712
name0713;surname0713;1234560713;user0713;user0713;user0713
name0714;surname0714;1234560714;user0714;user0714;user0714
name0715;surname0715;1234560715;user0715;user0715;user0715
name0716;surname0716;1234560716;user0716;user0716;user0716
name0717;surname0717;1234560717;user0717;user0717;user0717
name0718;surname0718;1234560718;user0718;user0718;user0718
name0719;surname0719;1234560719;user0719;user0719;user0719
name0720;surname0720;1234560720;user0720;user0720;user0720
name0721;surname0721;1234560721;user0721;user0721;user0721
name0722;surname0722;1234560722;user0722;user0722;user0722
name0723;surname0723;1234560723;user0723;user0723;user0723
name0724;surname0724;1234560724;user0724;user0724;user0724
name0725;surname0725;1234560725;user0725;user0725;user0725
name0726;surname0726;1234560726;user0726;user0726;user0726
name0727;surname0727;1234560727;user0727;user0727;user0727
name0728;surname0728;1234560728;user0728;user0728;user0728
name0729;surname0729;1234560729;user0729;user0729;user0729
name0730;surname0730;1234560730;user0730;user0730;user0730
name0731;surname0731;1234560731;user0731;user0731;user0731
name0732;surname0732;1234560732;user0732;user0732;user0732
name0733;surname0733;1234560733;user0733;user0733;user0733
name0734;surname0734;1234560734;user0734;user0734;user0734
name0735;surname0735;1234560735;user0735;user0735;user0735
name0736;surname0736;1234560736;user0736;user0736;user0736
name0737;surname0737;1234560737;user0737;user0737;user0737
name0738;surname0738;1234560738;user0738;user0738;user0738
name0739;surname0739;1234560739;user0739;user0739;user0739
name0740;surname0740;1234560740;user0740;user0740;user0740
name0741;surname0741;1234560741;user0741;user0741;user0741
name0742;surname0742;1234560742;user0742;user0742;user0742
name0743;surname0743;1234560743;user0743;user0743;user0743
name0744;surname0744;1234560744;user0744;user0744;user0744
name0745;surname0745;1234560745;user0745;user0745;user0745
name0746;surname0746;1234560746;user0746;user0746;user0746
name0747;surname0747;1234560747;user0747;user0747;user0747
name0748;surname0748;1234560748;user0748;user0748;user0748
name0749;surname0749;1234560749;user0749;user0749;user0749
name0750;surname0750;1234560750;user0750;user0750;user0750
name0751;surname0751;1234560751;user0751;user0751;user0751
name0752;surname0752;1234560752;user0752;user0752;user0752
name0753;surname0753;1234560753;user0753;user0753;user0753
name0754;surname0754;1234560754;user0754;user0754;user0754
name0755;surname0755;1234560755;user0755;user0755;user0755
name0756;surname0756;1234560756;user0756;user0756;user0756
name0757;surname0757;1234560757;user0757;user0757;user0757
name0758;surname0758;1234560758;user0758;user0758;user0758
name0759;surname0759;1234560759;user0759;user0759;user0759
name0760;surname0760;1234560760;user0760;user0760;user0760
name0761;surname0761;1234560761;user0761;user0761;user0761
name0762;surname0762;1234560762;user0762;user0762;user0762
name0763;surname0763;1234560763;user0763;user0763;user0763
name0764;surname0764;1234560764;user0764;user0764;user0764
name0765;surname0765;1234560765;user0765;user0765;user0765
name0766;surname0766;1234560766;user0766;user0766;user0766
name0767;surname0767;1234560767;user0767;user0767;user0767
name0768;surname0768;1234560768;user0768;user0768;user0768
name0769;surname0769;1234560769;user0769;user0769;user0769
name0770;surname0770;1234560770;user0770;user0770;user0770
name0771;surname0771;1234560771;user0771;user0771;user0771
name0772;surname0772;1234560772;user0772;user0772;user0772
name0773;surname0773;1234560773;user0773;user0773;user0773
name0774;surname0774;1234560774;user0774;user0774;user0774
name0775;surname0775;1234560775;user0775;user0775;user0775
name0776;surname0776;1234560776;user0776;user0776;user0776
name0777;surname0777;1234560777;user0777;user0777;user0777
name0778;surname0778;1234560778;user0778;user0778;user0778
name0779;surname0779;1234560779;user0779;user0779;user0779
name0780;surname0780;1234560780;user0780;user0780;user0780
name0781;surname0781;1234560781;user0781;user0781;user0781
name0782;surname0782;1234560782;user0782;user0782;user0782
name0783;surname0783;1234560783;user0783;user0783;user0783
name0784;surname0784;1234560784;user0784;user0784;user0784
name0785;surname0785;1234560785;user0785;user0785;user0785
name0786;surname0786;1234560786;user0786;user0786;user0786
name0787;surname0787;1234560787;user0787;user0787;user0787
name0788;surname0788;1234560788;user0788;user0788;user0788
name0789;surname0789;1234560789;user0789;user0789;user0789
name0790;surname0790;1234560790;user0790;user0790;user0790
name0791;surname0791;1234560791;user0791;user0791;user0791
name0792;surname0792;1234560792;user0792;user0792;user0792
name0793;surname0793;1234560793;user0793;user0793;user0793
name0794;surname0794;1234560794;user0794;user0794;user0794
name0795;surname0795;1234560795;user0795;user0795;user0795
name0796;surname0796;1234560796;user0796;user0796;user0796
name0797;surname0797;1234560797;user0797;user0797;user0797
name0798;surname0798;1234560798;user0798;user0798;user0798
name0799;surname0799;1234560799;user0799;user0799;user0799
name0800;surname0800;1234560800;user0800;user0800;user0800
name0801;surname0801;1234560801;user0801;user0801;user0801
name0802;surname0802;1234560802;user0802;user0802;user0802
name0803;surname0803;1234560803;user0803;user0803;user0803
name0804;surname0804;1234560804;user0804;user0804;user0804
name0805;surname0805;1234560805;user0805;user0805;user0805
name0806;surname0806;1234560806;user0806;user0806;user0806
name0807;surname0807;1234560807;user0807;user0807;user0807
name0808;surname0808;1234560808;user0808;user0808;user0808
name0809;surname0809;1234560809;user0809;user0809;user0809
name0810;surname0810;1234560810;user0810;user0810;user0810
name0811;surname0811;1234560811;user0811;user0811;user0811
name0812;surname0812;1234560812;user0812;user0812;user0812
name0813;surname0813;1234560813;user0813;user0813;user0813
name0814;surname0814;1234560814;user0814;user0814;user0814
name0815;surname0815;1234560815;user0815;user0815;user0815
name0816;surname0816;1234560816;user0816;user0816;user0816
name0817;surname0817;1234560817;user0817;user0817;user0817
name0818;surname0818;1234560818;user0818;user0818;user0818
name0819;surname0819;1234560819;user0819;user0819;user0819
name0820;surname0820;1234560820;user0820;user0820;user0820
name0821;surname0821;1234560821;user0821;user0821;user0821
name0822;surname0822;1234560822;user0822;user0822;user0822
name0823;surname0823;1234560823;user0823;user0823;user0823
name0824;surname0824;1234560824;user0824;user0824;user0824
name0825;surname0825;1234560825;user0825;user0825;user0825
name0826;surname0826;1234560826;user0826;user0826;user0826
name0827;surname0827;1234560827;user0827;user0827;user0827
name0828;surname0828;1234560828;user0828;user0828;user0828
name0829;surname0829;1234560829;user0829;user0829;user0829
name0830;surname0830;1234560830;user0830;user0830;user0830
name0831;surname0831;1234560831;user0831;user0831;user0831
name0832;surname0832;1234560832;user0832;user0832;user0832
name0833;surname0833;1234560833;user0833;user0833;user0833
name0834;surname0834;1234560834;user0834;user0834;user0834
name0835;surname0835;1234560835;user0835;user0835;user0835
name0836;surname0836;1234560836;user0836;user0836;user0836
name0837;surname0837;1234560837;user0837;user0837;user0837
name0838;surname0838;1234560838;user0838;user0838;user0838
name0839;surname0839;1234560839;user0839;user0839;user0839
name0840;surname0840;1234560840;user0840;user0840;user0840
name0841;surname0841;1234560841;user0841;user0841;user0841
name0842;surname0842;1234560842;user0842;user0842;user0842
name0843;surname0843;1234560843;user0843;user0843;user0843
name0844;surname0844;1234560844;user0844;user0844;user0844
name0845;surname0845;1234560845;user0845;user0845;user0845
name0846;surname0846;1234560846;user0846;user0846;user0846
name0847;surname0847;1234560847;user0847;user0847;user0847
name0848;surname0848;1234560848;user0848;user0848;user0848
name0849;surname0849;1234560849;user0849;user0849;user0849
name0850;surname0850;1234560850;user0850;user0850;user0850
name0851;surname0851;1234560851;user0851;user0851;user0851
name0852;surname0852;1234560852;user0852;user0852;user0852
name0853;surname0853;1234560853;user0853;user0853;user0853
name0854;surname0854;1234560854;user0854;user0854;user0854
name0855;surname0855;1234560855;user0855;user0855;user0855
name0856;surname0856;1234560856;user0856;user0856;user0856
name0857;surname0857;1234560857;user0857;user0857;user0857
name0858;surname0858;1234560858;user0858;user0858;user0858
name0859;surname0859;1234560859;user0859;user0859;user0859
name0860;surname0860;1234560860;user0860;user0860;user0860
name0861;surname0861;1234560861;user0861;user0861;user0861
name0862;surname0862;1234560862;user0862;user0862;user0862
name0863;surname0863;1234560863;user0863;user0863;user0863
name0864;surname0864;1234560864;user0864;user0864;user0864
name0865;surname0865;1234560865;user0865;user0865;user0865
name0866;surname0866;1234560866;user0866;user0866;user0866
name0867;surname0867;1234560867;user0867;user0867;user0867
name0868;surname0868;1234560868;user0868;user0868;user0868
name0869;surname0869;1234560869;user0869;user0869;user0869
name0870;surname0870;1234560870;user0870;user0870;user0870
name0871;surname0871;1234560871;user0871;user0871;user0871
name0872;surname0872;1234560872;user0872;user0872;user0872
name0873;surname0873;1234560873;user0873;user0873;user0873
name0874;surname0874;1234560874;user0874;user0874;user0874
name0875;surname0875;1234560875;user0875;user0875;user0875
name0876;surname0876;1234560876;user0876;user0876;user0876
name0877;surname0877;1234560877;user0877;user0877;user0877
name0878;surname0878;1234560878;user0878;user0878;user0878
name0879;surname0879;1234560879;user0879;user0879;user0879
name0880;surname0880;1234560880;user0880;user0880;user0880
name0881;surname0881;1234560881;user0881;user0881;user0881
name0882;surname0882;1234560882;user0882;user0882;user0882
name0883;surname0883;1234560883;user0883;user0883;user0883
name0884;surname0884;1234560884;user0884;user0884;user0884
name0885;surname0885;1234560885;user0885;user0885;user0885
name0886;surname0886;1234560886;user0886;user0886;user0886
name0887;surname0887;1234560887;user0887;user0887;user0887
name0888;surname0888;1234560888;user0888;user0888;user0888
name0889;surname0889;1234560889;user0889;user0889;user0889
name0890;surname0890;1234560890;user0890;user0890;user0890
name0891;surname0891;1234560891;user0891;user0891;user0891
name0892;surname0892;1234560892;user0892;user0892;user0892
name0893;surname0893;1234560893;user0893;user0893;user0893
name0894;surname0894;1234560894;user0894;user0894;user0894
name0895;surname0895;1234560895;user0895;user0895;user0895
name0896;surname0896;1234560896;user0896;user0896;user0896
name0897;surname0897;1234560897;user0897;user0897;user0897
name0898;surname0898;1234560898;user0898;user0898;user0898
name0899;surname0899;1234560899;user0899;user0899;user0899
name0900;surname0900;1234560900;user0900;user0900;user0900
name0901;surname0901;1234560901;user0901;user0901;user0901
name0902;surname0902;1234560902;user0902;user0902;user0902
name0903;surname0903;1234560903;user0903;user0903;user0903
name0904;surname0904;1234560904;user0904;user0904;user0904
name0905;surname0905;1234560905;user0905;user0905;user0905
name0906;surname0906;1234560906;user0906;user0906;user0906
name0907;surname0907;1234560907;user0907;user0907;user0907
name0908;surname0908;1234560908;user0908;user0908;user0908
name0909;surname0909;1234560909;user0909;user0909;user0909
name0910;surname0910;1234560910;user0910;user0910;user0910
name0911;surname0911;1234560911;user0911;user0911;user0911
name0912;surname0912;1234560912;user0912;user0912;user0912
name0913;surname0913;1234560913;user0913;user0913;user0913
name0914;surname0914;1234560914;user0914;user0914;user0914
name0915;surname0915;1234560915;user0915;user0915;user0915
name0916;surname0916;1234560916;user0916;user0916;user0916
name0917;surname0917;1234560917;user0917;user0917;user0917
name0918;surname0918;1234560918;user0918;user0918;user0918
name0919;surname0919;1234560919;user0919;user0919;user0919
name0920;surname0920;1234560920;user0920;user0920;user0920
name0921;surname0921;1234560921;user0921;user0921;user0921
name0922;surname0922;1234560922;user0922;user0922;user0922
name0923;surname0923;1234560923;user0923;user0923;user0923
name0924;surname0924;1234560924;user0924;user0924;user0924
name0925;surname0925;1234560925;user0925;user0925;user0925
name0926;surname0926;1234560926;user0926;user0926;user0926
name0927;surname0927;1234560927;user0927;user0927;user0927
name0928;surname0928;1234560928;user0928;user0928;user0928
name0929;surname0929;1234560929;user0929;user0929;user0929
name0930;surname0930;1234560930;user0930;user0930;user0930
name0931;surname0931;1234560931;user0931;user0931;user0931
name0932;surname0932;1234560932;user0932;user0932;user0932
name0933;surname0933;1234560933;user0933;user0933;user0933
name0934;surname0934;1234560934;user0934;user0934;user0934
name0935;surname0935;1234560935;user0935;user0935;user0935
name0936;surname0936;1234560936;user0936;user0936;user0936
name0937;surname0937;1234560937;user0937;user0937;user0937
name0938;surname0938;1234560938;user0938;user0938;user0938
name0939;surname0939;1234560939;user0939;user0939;user0939
name0940;surname0940;1234560940;user0940;user0940;user0940
name0941;surname0941;1234560941;user0941;user0941;user0941
name0942;surname0942;1234560942;user0942;user0942;user0942
name0943;surname0943;1234560943;user0943;user0943;user0943
name0944;surname0944;1234560944;user0944;user0944;user0944
name0945;surname0945;1234560945;user0945;user0945;user0945
name0946;surname0946;1234560946;user0946;user0946;user0946
name0947;surname0947;1234560947;user0947;user0947;user0947
name0948;surname0948;1234560948;user0948;user0948;user0948
name0949;surname0949;1234560949;user0949;user0949;user0949
name0950;surname0950;1234560950;user0950;user0950;user0950
name0951;surname0951;1234560951;user0951;user0951;user0951
name0952;surname0952;1234560952;user0952;user0952;user0952
name0953;surname0953;1234560953;user0953;user0953;user0953
name0954;surname0954;1234560954;user0954;user0954;user0954
name0955;surname0955;1234560955;user0955;user0955;user0955
name0956;surname0956;1234560956;user0956;user0956;user0956
name0957;surname0957;1234560957;user0957;user0957;user0957
name0958;surname0958;1234560958;user0958;user0958;user0958
name0959;surname0959;1234560959;user0959;user0959;user0959
name0960;surname0960;1234560960;user0960;user0960;user0960
name0961;surname0961;1234560961;user0961;user0961;user0961
name0962;surname0962;1234560962;user0962;user0962;user0962
name0963;surname0963;1234560963;user0963;user0963;user0963
name0964;surname0964;1234560964;user0964;user0964;user0964
name0965;surname0965;1234560965;user0965;user0965;user0965
name0966;surname0966;1234560966;user0966;user0966;user0966
name0967;surname0967;1234560967;user0967;user0967;user0967
name0968;surname0968;1234560968;user0968;user0968;user0968
name0969;surname0969;1234560969;user0969;user0969;user0969
name0970;surname0970;1234560970;user0970;user0970;user0970
name0971;surname0971;1234560971;user0971;user0971;user0971
name0972;surname0972;1234560972;user0972;user0972;user0972
name0973;surname0973;1234560973;user0973;user0973;user0973
name0974;surname0974;1234560974;user0974;user0974;user0974
name0975;surname0975;1234560975;user0975;user0975;user0975
name0976;surname0976;1234560976;user0976;user0976;user0976
name0977;surname0977;1234560977;user0977;user0977;user0977
name0978;surname0978;1234560978;user0978;user0978;user0978
name0979;surname0979;1234560979;user0979;user0979;user0979
name0980;surname0980;1234560980;user0980;user0980;user0980
name0981;surname0981;1234560981;user0981;user0981;user0981
name0982;surname0982;1234560982;user0982;user0982;user0982
name0983;surname0983;1234560983;user0983;user0983;user0983
name0984;surname0984;1234560984;user0984;user0984;user0984
name0985;surname0985;1234560985;user0985;user0985;user0985
name0986;surname0986;1234560986;user0986;user0986;user0986
name0987;surname0987;1234560987;user0987;user0987;user0987
name0988;surname0988;1234560988;user0988;user0988;user0988
name0989;surname0989;1234560989;user0989;user0989;user0989
name0990;surname0990;1234560990;user0990;user0990;user0990
name0991;surname0991;1234560991;user0991;user0991;user0991
name0992;surname0992;1234560992;user0992;user0992;user0992
name0993;surname0993;1234560993;user0993;user0993;user0993
name0994;surname0994;1234560994;user0994;user0994;user0994
name0995;surname0995;1234560995;user0995;user0995;user0995
name0996;surname0996;1234560996;user0996;user0996;user0996
name0997;surname0997;1234560997;user0997;user0997;user0997
name0998;surname0998;1234560998;user0998;user0998;user0998
name0999;surname0999;1234560999;user0999;user0999;user0999
name1000;surname1000;1234561000;user1000;user1000;user1000
name1001;surname1001;1234561001;user1001;user1001;user1001
name1002;surname1002;1234561002;user1002;user1002;user1002
name1003;surname1003;1234561003;user1003;user1003;user1003
name1004;surname1004;1234561004;user1004;user1004;user1004
name1005;surname1005;1234561005;user1005;user1005;user1005
name1006;surname1006;1234561006;user1006;user1006;user1006
name1007;surname1007;1234561007;user1007;user1007;user1007
name1008;surname1008;1234561008;user1008;user1008;user1008
name1009;surname1009;1234561009;user1009;user1009;user1009
name1010;surname1010;1234561010;user1010;user1010;user1010
name1011;surname1011;1234561011;user1011;user1011;user1011
name1012;surname1012;1234561012;user1012;user1012;user1012
name1013;surname1013;1234561013;user1013;user1013;user1013
name1014;surname1014;1234561014;user1014;user1014;user1014
name1015;surname1015;1234561015;user1015;user1015;user1015
name1016;surname1016;1234561016;user1016;user1016;user1016
name1017;surname1017;1234561017;user1017;user1017;user1017
name1018;surname1018;1234561018;user1018;user1018;user1018
name1019;surname1019;1234561019;user1019;user1019;user1019
name1020;surname1020;1234561020;user1020;user1020;user1020
name1021;surname1021;1234561021;user1021;user1021;user1021
name1022;surname1022;1234561022;user1022;user1022;user1022
name1023;surname1023;1234561023;user1023;user1023;user1023
name1024;surname1024;1234561024;user1024;user1024;user1024
name1025;surname1025;1234561025;user1025;user1025;user1025
name1026;surname1026;1234561026;user1026;user1026;user1026
name1027;surname1027;1234561027;user1027;user1027;user1027
name1028;surname1028;1234561028;user1028;user1028;user1028
name1029;surname1029;1234561029;user1029;user1029;user1029
name1030;surname1030;1234561030;user1030;user1030;user1030
name1031;surname1031;1234561031;user1031;user1031;user1031
name1032;surname1032;1234561032;user1032;user1032;user1032
name1033;surname1033;1234561033;user1033;user1033;user1033
name1034;surname1034;1234561034;user1034;user1034;user1034
name1035;surname1035;1234561035;user1035;user1035;user1035
name1036;surname1036;1234561036;user1036;user1036;user1036
name1037;surname1037;1234561037;user1037;user1037;user1037
name1038;surname1038;1234561038;user1038;user1038;user1038
name1039;surname1039;1234561039;user1039;user1039;user1039
name1040;surname1040;1234561040;user1040;user1040;user1040
name1041;surname1041;1234561041;user1041;user1041;user1041
name1042;surname1042;1234561042;user1042;user1042;user1042
name1043;surname1043;1234561043;user1043;user1043;user1043
name1044;surname1044;1234561044;user1044;user1044;user1044
name1045;surname1045;1234561045;user1045;user1045;user1045
name1046;surname1046;1234561046;user1046;user1046;user1046
name1047;surname1047;1234561047;user1047;user1047;user1047
name1048;surname1048;1234561048;user1048;user1048;user1048
name1049;surname1049;1234561049;user1049;user1049;user1049
name1050;surname1050;1234561050;user1050;user1050;user1050
name1051;surname1051;1234561051;user1051;user1051;user1051
name1052;surname1052;1234561052;user1052;user1052;user1052
name1053;surname1053;1234561053;user1053;user1053;user1053
name1054;surname1054;1234561054;user1054;user1054;user1054
name1055;surname1055;1234561055;user1055;user1055;user1055
name1056;surname1056;1234561056;user1056;user1056;user1056
name1057;surname1057;1234561057;user1057;user1057;user1057
name1058;surname1058;1234561058;user1058;user1058;user1058
name1059;surname1059;1234561059;user1059;user1059;user1059
name1060;surname1060;1234561060;user1060;user1060;user1060
name1061;surname1061;1234561061;user1061;user1061;user1061
name1062;surname1062;1234561062;user1062;user1062;user1062
name1063;surname1063;1234561063;user1063;user1063;user1063
name1064;surname1064;1234561064;user1064;user1064;user1064
name1065;surname1065;1234561065;user1065;user1065;user1065
name1066;surname1066;1234561066;user1066;user1066;user1066
name1067;surname1067;1234561067;user1067;user1067;user1067
name1068;surname1068;1234561068;user1068;user1068;user1068
name1069;surname1069;1234561069;user1069;user1069;user1069
name1070;surname1070;1234561070;user1070;user1070;user1070
name1071;surname1071;1234561071;user1071;user1071;user1071
name1072;surname1072;1234561072;user1072;user1072;user1072
name1073;surname1073;1234561073;user1073;user1073;user1073
name1074;surname1074;1234561074;user1074;user1074;user1074
name1075;surname1075;1234561075;user1075;user1075;user1075
name1076;surname1076;1234561076;user1076;user1076;user1076
name1077;surname1077;1234561077;user1077;user1077;user1077
name1078;surname1078;1234561078;user1078;user1078;user1078
name1079;surname1079;1234561079;user1079;user1079;user1079
name1080;surname1080;1234561080;user1080;user1080;user1080
name1081;surname1081;1234561081;user1081;user1081;user1081
name1082;surname1082;1234561082;user1082;user1082;user1082
name1083;surname1083;1234561083;user1083;user1083;user1083
name1084;surname1084;1234561084;user1084;user1084;user1084
name1085;surname1085;1234561085;user1085;user1085;user1085
name1086;surname1086;1234561086;user1086;user1086;user1086
name1087;surname1087;1234561087;user1087;user1087;user1087
name1088;surname1088;1234561088;user1088;user1088;user1088
name1089;surname1089;1234561089;user1089;user1089;user1089
name1090;surname1090;1234561090;user1090;user1090;user1090
name1091;surname1091;1234561091;user1091;user1091;user1091
name1092;surname1092;1234561092;user1092;user1092;user1092
name1093;surname1093;1234561093;user1093;user1093;user1093
name1094;surname1094;1234561094;user1094;user1094;user1094
name1095;surname1095;1234561095;user1095;user1095;user1095
name1096;surname1096;1234561096;user1096;user1096;user1096
name1097;surname1097;1234561097;user1097;user1097;user1097
name1098;surname1098;1234561098;user1098;user1098;user1098
name1099;surname1099;1234561099;user1099;user1099;user1099
